{"cameraMode":{"drawMode":0,"name":"Shaded","section":"Shading Mode"},"sceneLighting":false,"audioPlay":false,"sceneViewState":{"showFog":true,"showMaterialUpdate":false,"showSkybox":false,"showFlares":true,"showImageEffects":true,"showParticleSystems":true},"in2DMode":false,"pivot":{"x":0.0008750110864639282,"y":0.008127648383378983,"z":-0.0009047761559486389},"rotation":{"x":-0.24744515120983125,"y":0.05808689445257187,"z":-0.014860684983432293,"w":-0.9670566320419312},"size":0.4455519914627075,"orthographic":false}