{"cameraMode":{"drawMode":0,"name":"Shaded","section":"Shading Mode"},"sceneLighting":true,"audioPlay":false,"sceneViewState":{"showFog":true,"showMaterialUpdate":false,"showSkybox":true,"showFlares":true,"showImageEffects":true,"showParticleSystems":true},"in2DMode":false,"pivot":{"x":-0.1748495101928711,"y":-1.4775712490081788,"z":4.169287204742432},"rotation":{"x":-0.24744515120983125,"y":0.05808689445257187,"z":-0.014860684983432293,"w":-0.9670566320419312},"size":9.368611335754395,"orthographic":false}