{"cameraMode":{"drawMode":0,"name":"Shaded","section":"Shading Mode"},"sceneLighting":false,"audioPlay":false,"sceneViewState":{"showFog":true,"showMaterialUpdate":false,"showSkybox":false,"showFlares":true,"showImageEffects":true,"showParticleSystems":true},"in2DMode":false,"pivot":{"x":-0.011398354545235634,"y":0.02414587140083313,"z":0.0},"rotation":{"x":-0.23262092471122743,"y":-0.07577857375144959,"z":0.018184015527367593,"w":-0.9694473743438721},"size":0.9704414010047913,"orthographic":false}