{"cameraMode":{"drawMode":0,"name":"Shaded","section":"Shading Mode"},"sceneLighting":false,"audioPlay":false,"sceneViewState":{"showFog":true,"showMaterialUpdate":false,"showSkybox":false,"showFlares":true,"showImageEffects":true,"showParticleSystems":true},"in2DMode":false,"pivot":{"x":0.009286275133490563,"y":0.010448204353451729,"z":0.0},"rotation":{"x":-0.24498212337493897,"y":-0.0014616457046940923,"z":0.0003705414419528097,"w":-0.969534158706665},"size":0.6210335493087769,"orthographic":false}